{
  "Conv1D (fused)": {
    "loss": 1.9695311665534974,
    "accuracy": 0.546875,
    "f1": 0.5307443365690758,
    "auc_roc": 0.5606256109481916
  },
  "Conv1D (eeg_only)": {
    "loss": 2.1331580758094786,
    "accuracy": 0.540625,
    "f1": 0.5558912386701935,
    "auc_roc": 0.5574193548387096
  },
  "Conv1D (gaze_only)": {
    "loss": 0.607104766368866,
    "accuracy": 0.653125,
    "f1": 0.6185567010304258,
    "auc_roc": 0.730909090909091
  },
  "LSTM (fused)": {
    "loss": 1.0443381547927857,
    "accuracy": 0.465625,
    "f1": 0.48024316109372367,
    "auc_roc": 0.4755034213098729
  },
  "LSTM (eeg_only)": {
    "loss": 0.8660159349441529,
    "accuracy": 0.5,
    "f1": 0.5121951219507178,
    "auc_roc": 0.5093255131964809
  },
  "LSTM (gaze_only)": {
    "loss": 0.6972887396812439,
    "accuracy": 0.475,
    "f1": 0.41666666666616675,
    "auc_roc": 0.4877419354838709
  }
}